H A P P Y üçæ N E W üéâ Y E A R üç∑ 2 0 2 0 #happynewyear #celebration #newchallenge #journey #family #czechfamily #australia #hapiness #love #health #proudnudists #bodypositive #freedom #nudityisnotporn #nudityisbeautiful #lovetobenude https://t.co/JvXqEJ4wXl	1212201850516180993
I just want a huge bag of M&amp;M‚Äôs right now...#thinspo #meanspo #proana #proanamia #ednos #edtwt #skinny #goals #promia #fat #bodypositivity #bodydysmorphia #cravings #chocolate #fasting #bonespo #hungry #ThursdayMotivation #NoShame https://t.co/PTIUkZngn3	1225527627311722496
I'am so jealous of this latin dude: He's fucked all the bbw I would like put my dick #bbw #doggystyle #levrette #bigboobs #bigtits #boobs #tits #bigass #phatass  #grosseins #shemakesmecum #jackoff #NoShaveNovember #bodypositive https://t.co/9RVwBYwrWF	1245923098026639367
Showing the love for naturism.  #nudist #naturism #clothesfree #bodypositive #love https://t.co/yn659HxVBj	1224896883740401664
horny babe looking for a real man!!  rt for some surprise in dm üí¶üí¶ #cumslave #bodypositive https://t.co/6Dw7jS9yb1	1245463975187361793
Nudists are winners. #nudist #naturist #clothesfree #freebeaches #bodypositive   #winning https://t.co/nsqZpsLm2T	1225104250310746112
You can submit #cleavage pics &amp; remain totally anonymous while supporting the #BikinisForTheCure campaign! We are all about #bodypositivity #selflove &amp; drawing attention to our mission to start local programs that teach self exam/ early detection skills. #BreastCancerAwareness https://t.co/QancDNYpxZ	1245137046282387458
Another one I would like to fuck üòç#phatassbooty #phatass #bigass #doggystyle #bbw #bodypositivty #bodypositive #fuckhard #roughsex #groscul #levrette #ronde #shemakesmecum #BigBooty #booty #badonkadonk  #bbwlover #bbwlove https://t.co/1etYOfcqiw	1224091442198581249
Your thinking, not your body, is the problem. My body may change during self-isolation, but the only thing I regret is not stocking up on enough cookies and potato chips.  Stay safe. 5/5 #bodyimage #muscledysmorphia #bodypositive #bodybuilding	1245382733402079234
The weekends are for relaxing.  #nudist #naturist #clothesfree #bodypositive https://t.co/y6c57qqdtf	1224107025296027649
